<?xml version='1.0' encoding='UTF-8'?>
<page>
   <title>Search</title>
   <title-id>page.search.title</title-id>
   <description>Search view modified for semantic tag category search</description>
   <description-id>page.search.description</description-id>
   <template-instance>search</template-instance>
   <authentication>user</authentication>
   
   <components>
      <component>
         <region-id>title</region-id>
         <url>/components/title/search-title</url>
      </component>
      <component>
         <region-id>search</region-id>
         <url>/components/semantic-search/search</url>
      </component>
   </components>
</page>